{
    "td_notes_test": [
        {
            "DeleteRequest": {
                "Key": {
                    "user_id": {"S": "1111"},
                    "timestamp": {"N": "1525013088"}
                }
            }
        },
        {
            "DeleteRequest": {
                "Key": {
                    "user_id": {"S": "2222"},
                    "timestamp": {"N": "1525013088"}
                }
            }
        },
        {
            "PutRequest": {
                "Item": {
                    "user_id": {"S": "A"},
                    "timestamp": {"N": "1"},
                    "content": {"S": "Content A1"},
                    "title": {"S": "Title A1"},
                    "username": {"S": "User A"},
                    "cat": {"S": "general"},
                    "note_id": {"S": "n1"}
                }
            }
        },
        {
            "PutRequest": {
                "Item": {
                    "user_id": {"S": "B"},
                    "timestamp": {"N": "2"},
                    "content": {"S": "Content B2"},
                    "title": {"S": "Title B2"},
                    "username": {"S": "User B"},
                    "cat": {"S": "general"},
                    "note_id": {"S": "n2"}
                }
            }
        },
        {
            "PutRequest": {
                "Item": {
                    "user_id": {"S": "C"},
                    "timestamp": {"N": "3"},
                    "content": {"S": "Content C3"},
                    "title": {"S": "Title C3"},
                    "username": {"S": "User C"},
                    "cat": {"S": "general"},
                    "note_id": {"S": "n3"}
                }
            }
        },
        {
            "PutRequest": {
                "Item": {
                    "user_id": {"S": "A"},
                    "timestamp": {"N": "4"},
                    "content": {"S": "Content A4"},
                    "title": {"S": "Title A4"},
                    "username": {"S": "User A"},
                    "cat": {"S": "test"},
                    "note_id": {"S": "n4"}
                }
            }
        },
        {
            "PutRequest": {
                "Item": {
                    "user_id": {"S": "B"},
                    "timestamp": {"N": "5"},
                    "content": {"S": "Content B5"},
                    "title": {"S": "Title B5"},
                    "username": {"S": "User B"},
                    "cat": {"S": "test"},
                    "note_id": {"S": "n5"}
                }
            }
        },
        {
            "PutRequest": {
                "Item": {
                    "user_id": {"S": "C"},
                    "timestamp": {"N": "6"},
                    "content": {"S": "Content C6"},
                    "title": {"S": "Title C6"},
                    "username": {"S": "User C"},
                    "cat": {"S": "test"},
                    "note_id": {"S": "n6"}
                }
            }
        },
        {
            "PutRequest": {
                "Item": {
                    "user_id": {"S": "A"},
                    "timestamp": {"N": "7"},
                    "content": {"S": "Content A7"},
                    "title": {"S": "Title A7"},
                    "username": {"S": "User A"},
                    "cat": {"S": "todo"},
                    "note_id": {"S": "n7"}
                }
            }
        },
        {
            "PutRequest": {
                "Item": {
                    "user_id": {"S": "B"},
                    "timestamp": {"N": "8"},
                    "content": {"S": "Content B8"},
                    "title": {"S": "Title B8"},
                    "username": {"S": "User B"},
                    "cat": {"S": "todo"},
                    "note_id": {"S": "n8"}
                }
            }
        },
        {
            "PutRequest": {
                "Item": {
                    "user_id": {"S": "C"},
                    "timestamp": {"N": "9"},
                    "content": {"S": "Content C9"},
                    "title": {"S": "Title C9"},
                    "username": {"S": "User C"},
                    "cat": {"S": "todo"},
                    "note_id": {"S": "n9"}
                }
            }
        },
        {
            "PutRequest": {
                "Item": {
                    "user_id": {"S": "A"},
                    "timestamp": {"N": "10"},
                    "content": {"S": "Content A10"},
                    "title": {"S": "Title A10"},
                    "username": {"S": "User A"},
                    "cat": {"S": "aws"},
                    "note_id": {"S": "n10"}
                }
            }
        }
    ]
}